{"files":{"index_mp_classic_video_background.html":{"frameworks":["pg.insight.events","pg.asset.manager","pg.fontawesome","pg.project.items","pg.css.grid","pg.code-validator","pg.image.overlay","bs3.4.1","pg.html","pg.components"],"last_page_width":1024},"index.html":{"frameworks":["pg.insight.events","pg.asset.manager","pg.project.items","pg.fontawesome","pg.code-validator","pg.css.grid","pg.image.overlay","bs3.4.1","pg.html","pg.components"],"last_page_width":1024}},"breakpoints":["300px","480px","768px","800px","860px","900px","992px","1050px","1200px"],"frameworks":["pg.insight.events","pg.asset.manager","pg.project.items","pg.fontawesome","pg.code-validator","pg.css.grid","pg.image.overlay","bs3.4.1","pg.html","pg.components"]}